{
    "sid": "HXjD8g5pMev",
    "sweeps": [
        {
            "uuid": "58fa46232c2a4459bc84244861d906df",
            "alignmentType": "aligned",
            "neighbors": [
                "be54ee523a8747ebacc7b2f558930809",
                "9253fa8da1a641258bb58382bc6e4154",
                "6d43fd1af7634402a1e751c42064f167",
                "89b1243a79e5479d8e758824b7571916",
                "7d0aa4181bd34fb7a9acd55d27b7ec8d",
                "02f6c072233949d0a817c5d17d820122",
                "960dd01cad684429b48145d8574079d4"
            ],
            "position": {
                "x": 0.010168810375034809,
                "y": 1.4095642566680908,
                "z": 0.016074666753411293
            },
            "rotation": {
                "x": 0.5539946599082803,
                "y": 85.01349082713888,
                "z": -0.13832242641356954
            },
            "floor": 0,
            "index": 0
        },
        {
            "uuid": "be54ee523a8747ebacc7b2f558930809",
            "alignmentType": "aligned",
            "neighbors": [
                "58fa46232c2a4459bc84244861d906df",
                "9253fa8da1a641258bb58382bc6e4154",
                "63a6197f536c465b8180691620ca2f13",
                "6d43fd1af7634402a1e751c42064f167",
                "89b1243a79e5479d8e758824b7571916"
            ],
            "position": {
                "x": 0.42717546224594116,
                "y": 1.4081809520721436,
                "z": 1.2692195177078247
            },
            "rotation": {
                "x": 0.38401434561872316,
                "y": -79.69380576559612,
                "z": -0.7042041318594965
            },
            "floor": 0,
            "index": 1
        },
        {
            "uuid": "9253fa8da1a641258bb58382bc6e4154",
            "alignmentType": "aligned",
            "neighbors": [
                "58fa46232c2a4459bc84244861d906df",
                "be54ee523a8747ebacc7b2f558930809",
                "63a6197f536c465b8180691620ca2f13",
                "6d43fd1af7634402a1e751c42064f167",
                "6156b09508d14ab596dd121fee9a19ba"
            ],
            "position": {
                "x": 0.45673665404319763,
                "y": 1.4095888137817383,
                "z": 2.644505500793457
            },
            "rotation": {
                "x": 0.579316034489473,
                "y": -74.21379293308871,
                "z": -0.6828088497136424
            },
            "floor": 0,
            "index": 2
        },
        {
            "uuid": "63a6197f536c465b8180691620ca2f13",
            "alignmentType": "aligned",
            "neighbors": [
                "be54ee523a8747ebacc7b2f558930809",
                "9253fa8da1a641258bb58382bc6e4154",
                "6d43fd1af7634402a1e751c42064f167"
            ],
            "position": {
                "x": -0.2504422068595886,
                "y": 1.41270112991333,
                "z": 2.0311717987060547
            },
            "rotation": {
                "x": 0.6535721433844139,
                "y": -158.904991961603,
                "z": -0.26272904128915037
            },
            "floor": 0,
            "index": 3
        },
        {
            "uuid": "6d43fd1af7634402a1e751c42064f167",
            "alignmentType": "aligned",
            "neighbors": [
                "58fa46232c2a4459bc84244861d906df",
                "be54ee523a8747ebacc7b2f558930809",
                "9253fa8da1a641258bb58382bc6e4154",
                "63a6197f536c465b8180691620ca2f13",
                "6156b09508d14ab596dd121fee9a19ba"
            ],
            "position": {
                "x": 1.0472371578216553,
                "y": 1.4063441753387451,
                "z": 3.395489454269409
            },
            "rotation": {
                "x": 0.6393455324343258,
                "y": -39.54653395576831,
                "z": -0.8142411607716711
            },
            "floor": 0,
            "index": 4
        },
        {
            "uuid": "6156b09508d14ab596dd121fee9a19ba",
            "alignmentType": "aligned",
            "neighbors": [
                "9253fa8da1a641258bb58382bc6e4154",
                "6d43fd1af7634402a1e751c42064f167",
                "9592af4e5c7940d3904abeee825fe602",
                "a5137b59719b4b279d750f98f515b738"
            ],
            "position": {
                "x": 2.591002941131592,
                "y": 1.4187264442443848,
                "z": 3.0179715156555176
            },
            "rotation": {
                "x": -1.0767054870952713,
                "y": 131.64975432780648,
                "z": 0.36801519472729877
            },
            "floor": 0,
            "index": 5
        },
        {
            "uuid": "9592af4e5c7940d3904abeee825fe602",
            "alignmentType": "aligned",
            "neighbors": [
                "6156b09508d14ab596dd121fee9a19ba",
                "a5137b59719b4b279d750f98f515b738"
            ],
            "position": {
                "x": 2.444242477416992,
                "y": 1.4174907207489014,
                "z": 1.1483654975891113
            },
            "rotation": {
                "x": -0.09739274233883469,
                "y": -124.70289473290633,
                "z": 1.059613697185643
            },
            "floor": 0,
            "index": 6
        },
        {
            "uuid": "a5137b59719b4b279d750f98f515b738",
            "alignmentType": "aligned",
            "neighbors": [
                "6156b09508d14ab596dd121fee9a19ba",
                "9592af4e5c7940d3904abeee825fe602"
            ],
            "position": {
                "x": 2.463453531265259,
                "y": 1.3910030126571655,
                "z": -0.32356590032577515
            },
            "rotation": {
                "x": 1.183864627891625,
                "y": 140.15108527548247,
                "z": -1.0770818650334546
            },
            "floor": 0,
            "index": 7
        },
        {
            "uuid": "89b1243a79e5479d8e758824b7571916",
            "alignmentType": "aligned",
            "neighbors": [
                "58fa46232c2a4459bc84244861d906df",
                "be54ee523a8747ebacc7b2f558930809",
                "7d0aa4181bd34fb7a9acd55d27b7ec8d",
                "ce337a5a73584dc6b7ef2995938f07b8",
                "405c5e9ee89b4888bfb2542d5b792c9b"
            ],
            "position": {
                "x": -1.1231056451797485,
                "y": 1.397818684577942,
                "z": -0.5846713781356812
            },
            "rotation": {
                "x": 0.8439941544197902,
                "y": 175.60513212627154,
                "z": -0.3357605594850502
            },
            "floor": 0,
            "index": 8
        },
        {
            "uuid": "7d0aa4181bd34fb7a9acd55d27b7ec8d",
            "alignmentType": "aligned",
            "neighbors": [
                "58fa46232c2a4459bc84244861d906df",
                "89b1243a79e5479d8e758824b7571916",
                "02f6c072233949d0a817c5d17d820122",
                "ce337a5a73584dc6b7ef2995938f07b8",
                "405c5e9ee89b4888bfb2542d5b792c9b",
                "867ab00a7ce14a77a1f811eb521925b8",
                "ed3d009dd4274c3daefbd3d25a7ed37c",
                "10edf27e4f2542caa2734e5deeaf6d75"
            ],
            "position": {
                "x": -3.4631474018096924,
                "y": 1.4129400253295898,
                "z": 0.2487897127866745
            },
            "rotation": {
                "x": 1.0085661102604686,
                "y": -71.355108569056,
                "z": -0.7250408292330021
            },
            "floor": 0,
            "index": 9
        },
        {
            "uuid": "02f6c072233949d0a817c5d17d820122",
            "alignmentType": "aligned",